{"cameraMode":{"drawMode":0,"name":"Shaded","section":"Shading Mode"},"sceneLighting":false,"audioPlay":false,"sceneViewState":{"showFog":true,"showMaterialUpdate":true,"showSkybox":false,"showFlares":true,"showImageEffects":true,"showParticleSystems":true},"in2DMode":false,"pivot":{"x":-0.9064061641693115,"y":0.09361705183982849,"z":-0.13141489028930665},"rotation":{"x":0.045222386717796329,"y":-0.058090854436159137,"z":0.002634821692481637,"w":0.9972831010818481},"size":4.398627758026123,"orthographic":false}