{"cameraMode":{"drawMode":0,"name":"Shaded","section":"Shading Mode"},"sceneLighting":false,"audioPlay":false,"sceneViewState":{"showFog":true,"showMaterialUpdate":true,"showSkybox":true,"showFlares":true,"showImageEffects":true,"showParticleSystems":true},"in2DMode":false,"pivot":{"x":598.6116333007813,"y":2930.386474609375,"z":99.210693359375},"rotation":{"x":0.045222386717796329,"y":-0.058090854436159137,"z":0.002634821692481637,"w":0.9972831010818481},"size":959.0076293945313,"orthographic":false}