{"cameraMode":{"drawMode":0,"name":"Shaded","section":"Shading Mode"},"sceneLighting":false,"audioPlay":false,"sceneViewState":{"showFog":true,"showMaterialUpdate":true,"showSkybox":false,"showFlares":true,"showImageEffects":true,"showParticleSystems":true},"in2DMode":false,"pivot":{"x":0.9181607365608215,"y":-1.0927298069000245,"z":2.0855839252471926},"rotation":{"x":-0.14565427601337434,"y":-0.12225235253572464,"z":0.01813998818397522,"w":-0.9815855622291565},"size":4.19373893737793,"orthographic":false}